{"name": "AESNN3", "dimension": 3, "A": [-0.99, -0.61, 0], "R": [0.28, -0.99, -0.22], "N": [0.77, -0.24, 0.59], "D": [0.74, -0.72, -0.35], "C": [0.34, 0.88, 0.35], "Q": [0.12, -0.99, -0.99], "E": [0.59, -0.55, -0.99], "G": [-0.79, -0.99, 0.1], "H": [0.08, -0.71, 0.68], "I": [-0.77, 0.67, -0.37], "L": [-0.92, 0.31, -0.99], "K": [-0.63, 0.25, 0.5], "M": [-0.8, 0.44, -0.71], "F": [0.87, 0.65, -0.53], "P": [-0.99, -0.99, -0.99], "S": [0.99, 0.4, 0.37], "T": [0.42, 0.21, 0.97], "W": [-0.13, 0.77, -0.9], "Y": [0.59, 0.33, -0.99], "V": [-0.99, 0.27, -0.52], "X": [-0.06, -0.08, -0.25]}