{"name": "binary_5-bit", "dimension": 5, "A": [1, 0, 0, 0, 1], "C": [1, 0, 0, 1, 0], "D": [1, 0, 1, 0, 0], "E": [1, 1, 0, 0, 0], "F": [0, 1, 0, 0, 1], "G": [0, 1, 0, 1, 0], "H": [0, 1, 1, 0, 0], "I": [0, 0, 1, 0, 1], "K": [0, 0, 1, 1, 0], "L": [0, 0, 0, 1, 1], "M": [0, 1, 1, 1, 0], "N": [0, 1, 1, 0, 1], "P": [0, 1, 0, 1, 1], "Q": [0, 0, 1, 1, 1], "R": [1, 0, 1, 1, 0], "S": [1, 0, 1, 0, 1], "T": [1, 0, 0, 1, 1], "V": [1, 1, 0, 1, 0], "W": [1, 1, 0, 0, 1], "Y": [1, 1, 1, 0, 0], "X": [0, 0, 0, 0, 0]}