{"name": "BLOSUM62", "dimension": 20, "A": [4, -1, -2, -2, 0, -1, -1, 0, -2, -1, -1, -1, -1, -2, -1, 1, 0, -3, -2, 0], "C": [0, -3, -3, -3, 9, -3, -4, -3, -3, -1, -1, -3, -1, -2, -3, -1, -1, -2, -2, -1], "D": [-2, -2, 1, 6, -3, 0, 2, -1, -1, -3, -4, -1, -3, -3, -1, 0, -1, -4, -3, -3], "E": [-1, 0, 0, 2, -4, 2, 5, -2, 0, -3, -3, 1, -2, -3, -1, 0, -1, -3, -2, -2], "F": [-2, -3, -3, -3, -2, -3, -3, -3, -1, 0, 0, -3, 0, 6, -4, -2, -2, 1, 3, -1], "G": [0, -2, 0, -1, -3, -2, -2, 6, -2, -4, -4, -2, -3, -3, -2, 0, -2, -2, -3, -3], "H": [-2, 0, 1, -1, -3, 0, 0, -2, 8, -3, -3, -1, -2, -1, -2, -1, -2, -2, 2, -3], "I": [-1, -3, -3, -3, -1, -3, -3, -4, -3, 4, 2, -3, 1, 0, -3, -2, -1, -3, -1, 3], "K": [-1, 2, 0, -1, -3, 1, 1, -2, -1, -3, -2, 5, -1, -3, -1, 0, -1, -3, -2, -2], "L": [-1, -2, -3, -4, -1, -2, -3, -4, -3, 2, 4, -2, 2, 0, -3, -2, -1, -2, -1, 1], "M": [-1, -1, -2, -3, -1, 0, -2, -3, -2, 1, 2, -1, 5, 0, -2, -1, -1, -1, -1, 1], "N": [-2, 0, 6, 1, -3, 0, 0, 0, 1, -3, -3, 0, -2, -3, -2, 1, 0, -4, -2, -3], "P": [-1, -2, -2, -1, -3, -1, -1, -2, -2, -3, -3, -1, -2, -4, 7, -1, -1, -4, -3, -2], "Q": [-1, 1, 0, 0, -3, 5, 2, -2, 0, -3, -2, 1, 0, -3, -1, 0, -1, -2, -1, -2], "R": [-1, 5, 0, -2, -3, 1, 0, -2, 0, -3, -2, 2, -1, -3, -2, -1, -1, -3, -2, -3], "S": [1, -1, 1, 0, -1, 0, 0, 0, -1, -2, -2, 0, -1, -2, -1, 4, 1, -3, -2, -2], "T": [0, -1, 0, -1, -1, -1, -1, -2, -2, -1, -1, -1, -1, -2, -1, 1, 5, -2, -2, 0], "V": [0, -3, -3, -3, -1, -2, -2, -3, -3, 3, 1, -2, 1, -1, -2, -2, 0, -3, -1, 4], "W": [-3, -3, -4, -4, -2, -2, -3, -2, -2, -3, -2, -3, -1, 1, -4, -3, -2, 11, 2, -3], "Y": [-2, -2, -2, -3, -2, -1, -2, -3, 2, -1, -1, -2, -1, 3, -3, -2, -2, 2, 7, -1], "X": [-0.8, -1.1, -0.95, -1.35, -1.65, -0.65, -0.9, -1.75, -0.9, -1.4, -1.3, -0.9, -0.7, -1.3, -1.7, -0.55, -0.7, -1.7, -0.85, -1.15]}