{"name": "one-hot 6-bit", "dimension": 6, "A": [0, 0, 0, 1, 0, 0], "C": [0, 0, 1, 0, 0, 0], "D": [0, 1, 0, 0, 0, 0], "E": [0, 1, 0, 0, 0, 0], "F": [0, 0, 0, 0, 0, 1], "G": [0, 0, 0, 1, 0, 0], "H": [1, 0, 0, 0, 0, 0], "I": [0, 0, 0, 0, 1, 0], "K": [1, 0, 0, 0, 0, 0], "L": [0, 0, 0, 0, 1, 0], "M": [0, 0, 0, 0, 1, 0], "N": [0, 1, 0, 0, 0, 0], "P": [0, 0, 0, 1, 0, 0], "Q": [0, 1, 0, 0, 0, 0], "R": [1, 0, 0, 0, 0, 0], "S": [0, 0, 0, 1, 0, 0], "T": [0, 0, 0, 1, 0, 0], "V": [0, 0, 0, 0, 1, 0], "W": [0, 0, 0, 0, 0, 1], "Y": [0, 0, 0, 0, 0, 1], "X": [0, 0, 0, 0, 0, 0]}